Tag ID,Tag Name
207,dating
355,dean phillips
318,marathon
349,mauricio pochettino
360,robert f. kennedy jr.
100457,truth
231,menendez
1082,mika aaltola
333,armenia
1115,mike pompeo
1053,miley cyrus
340,adam schiff
385,salah
375,u.s. election
327,us government
308,saudi arabia
387,saudi club
384,seahawks
325,democratic presidential nomination
1179,detroit lions
330,season finale
379,disclosure
359,u.s. presidential election 2024
101133,electors
313,hans
369,vikings
100466,app
1026,election forecasting.
298,vp nominee
413,weed
323,harry
1022,election results
377,elections 2024
366,world affairs
364,ayatollah khamenei
347,bears
1149,wrestling
1027,electoral votes
361,shutdown
958,xóchitl gálvez
629,yahya sinwar
112,appointments
1028,electoral votes: politics
1029,electoral votes: tags: politics
357,impeachment
100474,merger
320,competition
754,yemeni houthis
428,ynw melly
452,zelensky
367,income predictions
203,interview
949,zhu su
264,primaries
100497,mccormick
100309,Kimberly Cheatle
100331,JD
343,primary election
314,end of year
363,competitions
389,prime minister
100514,morrisey
372,q3
955,interviews
362,james harden
353,rams
306,EPL
342,California
383,ravens
100351,CFB
220,kamala harris
302,end of year prediction
356,laphonza butler
331,foreign aid
328,blur
370,gdp
100373,pavel
100394,Running Back
100415,ravis kelce
365,leadership
378,brics
299,gender issues
312,magnus carlsen
316,browns
92,global warming
317,cardinals
531,us law
459,democrat
424,man city
436,aston martin
100458,mossad
437,mercedes
956,mexico
432,mike pence
100467,lebannon
412,attack
464,military action
1510,minnesota
460,mississippi
419,government
440,gpt-4
461,gubernatorial race
398,us market
959,jorge álvarez máynez
468,rnc primary debate
233,sec
438,mitch mcconnell
100097,MLS Cup
416,diplomacy
447,2024 iowa caucus
212,secretary of labor
431,kari lake
393,donald trump
1567,mog
526,nsc
406,sentencing
1493,spider-man
156,spurs
100171,Stablecoins
332,azerbaijan
442,u.s. presidency
400,election 2024
394,us presidency
418,u.s. senate
422,vacancy
462,virginia
399,katie porter
407,endorsements
408,presidential election 2023
465,primary debate
527,pvda-gl
528,pvv
532,ban
404,energy
445,wealth
430,carti
434,racing
449,kelce
426,record temperatures
749,red sea
417,celestia
238,regulation
260,korean teams
237,regulations
961,regulatory news
223,religion
1577,republican caucus
100290,Wimbledon
100287,tweet
304,energy market
100270,Presidential Debate
232,resignation
569,respiratory illness
467,communication
466,RNC
100310,Cristopher Wray
354,entrepreneurship
100332,Walz
480,crimea
348,erik ten hag
100352,Kai
100374,microphone
100395,open network
100416,Chiefs vs. Ravens
100435,police
444,celestia token
250,crude oil
100445,miladys
451,fuel shipments
427,andy levin
397,futures
403,gaming competition
478,language analysis
420,law enforcement
100459,Tamil
510,manchin
592,arrest
589,us presidential election 2024
511,draymond green
585,mark cuban
576,mathematics
536,scandal
524,dutch general election
562,season 3
507,volcanic eruption
552,mergers and acquisitions
390,moon landing
296,attacks
513,election forecasting
520,australia
523,vvd
533,week 11
380,barbara lee
559,wish
519,world cup
463,morbius
546,emmett shear
887,barriault
598,young thug
100468,leabnon
429,music industry
581,bitboy crypto
551,settlements
1113,nancy mace
100475,spirit
583,shipping
545,employment
540,grok
565,blast
535,abuse
100498,gianforte
402,european teams
100333,Tim
100271,DJT
100515,williams
587,hacking
521,smoking
539,hiring
100262,European Union 
100267,Euros
522,snoop
100072,Examinations
100288,banks
100531,hansen
500,space travel
373,starship
100291,Kamala
100065,Exams
572,hospitals
505,game of the year
100546,rogers
515,george santos
574,jail
543,startups
542,privacy issue
563,blast bridge
596,Pop Culture
575,prize money
514,congress
590,profit
100311,Bitcoin Conference
571,public health
597,racketeering conspiracy
960,regulatory affairs
567,contracts
550,corporate news
100353,Cenat
100375,hostage
100396,NCAA
100417,tenet
100436,clearwater
100446,In vitro
517,Cricket
566,josh giddey
554,cz
555,ai technology
541,data leak
553,anthropic
568,global health
534,justin jefferson
578,ko wen-je
586,kyberswap
544,lawsuits
549,linda yaccarino
672,market launch
676,bans
611,us house of representatives
290,us military
615,markets
618,views
624,diseases
614,mayc
668,medical testing
678,baseball
285,sam altman
601,shein
679,shohei ohtani
100164,State Presidential Election
1551,steven keough
602,stock market
673,vivek
613,milady
664,doomsday clock
688,military strategy
642,dpp
560,napoleon
1248,napoli
604,stocks
649,education
425,nasa
100158,Nashville Predators
147,subscribers
608,eigenlayer
798,beeper mini
638,suez canal
625,emergency
623,who
633,xeet
594,guyana
648,xi jinping
1374,belgium
684,haney
100054,Experiment
100272,neymar
100289,Jill Biden
294,binance
669,harvard
635,playoffs
677,blue jays
100073,Experimentation
626,policies
681,pregnancy
621,health crisis
100292,sport
640,presidential run
100051,Experiments
685,prograis
646,public opinion
564,exploitation
680,pudgy penguins
599,josh dobbs
671,jto
606,kraken
1564,facebook
637,qatar
368,falcons
632,community
634,2023-24 season
435,Formula 1
100312,Swimming
100334,DNC
627,coronavirus
100354,Speed
963,real estate
100376,encrypt
100397,fivethrityeight
100418,Derivatives
100437,hatian
138,launch
686,cryptozoo
665,current events
100196,Fed Rates
667,fertility
609,aleo
659,antisemitism
661,gemini ultra
292,glenn youngkin
639,global economy
295,legal issues
645,lgbtq+ rights
658,linguistics
662,llm
628,lockdown
687,logan paul
766,u.s. congress
759,u.s. supreme court
953,deals
966,warpcast
964,market trends
705,wonka
100460,NC
831,meissner effect
100469,tuah talk
817,artificial general intelligence
496,natural disasters
701,wormhole
1294,navalny
738,yemen
580,ben armstrong
100108,NBA Championship
746,detroit pistons
100240,NBA Finals
717,saga
755,saudia arabia
723,billboard hot 100
453,negotiations
836,neri oxman
100273,ayanna pressley
100476,airline
388,netanyahu
712,guatemala
230,donald trump jr.
241,SBF
761,2024 ballot
803,haley
733,haniyeh
823,smart home
855,drug lord
100293,obama
731,Hunter Biden
965,social networking
100499,busse
739,dune
100516,Cam Ward
807,$spx6900
740,dune 2
737,stock trading
1172,super bowl lviii
225,economics
239,huobi
100313,Medal Count
779,super tuesday
100335,Trending Markets
788,jup
772,piers morgan
704,elizabeth warren
100355,Speed + Kai
222,pope francis
726,engagement
771,prince andrew
100377,sexy
227,commanders
727,rainbow
752,confederate memorial
696,jupiter airdrop
767,kwon
100398,Today's Sports
100419,mcgregor
101134,blue wall
967,rankings
100438,nate silve
100524,Ashton Jeanty
100447,cmc
100532,mucarsel-powell
729,recall
100547,mike rogers
741,constitution
804,data breach
756,epstein
735,launch events
857,etfs
824,amazon
215,law and order
714,events
711,arévalo
791,layoffs
792,f-16s
757,legal cases
242,legal proceedings
748,global logistics
832,Global Temp
776,global trade
162,do kwon
160,ron desantis
288,man united
100461,sean combs
969,downtime
284,economic forecasting
161,minor regions
100,Music
282,Elon Musk
248,energy industry
95,russia
192,nato
267,autonomous vehicles
176,us elections
108,user fees
157,eth
113,bashar al-assad
183,u.s. presidential election
525,netherlands
111,u.s. secretary of labor
283,saudi aramco
109,nets
204,vladimir putin
228,neuralink
102,ye
251,commodity market
184,ben shapiro
100274,jamaal bowman
101721,Brian Schottenheimer
265,New Hampshire
211,sean patrick maloney
278,sergio massa
100477,powell
150,shedeur sanders
273,gubernatorial election
154,Middle East
287,sheikh jassim
153,hamas
117,heat
277,social media influencer
107,Business
100294,court
100500,kehoe
182,prabowo subianto
93,prediction markets
968,solana network
189,presidential nomination
163,extradition
270,putin
100511,hoyt
151,heisman trophy
214,hillary clinton
100470,Hailey Welch
100517,Jalen Milroe
103,raiders
173,refinery
100314,NE-2
206,relationships
100336,Harris
100533,hirono
100356,Over
100378,proposition
253,conflict resolution
100399,Artifical intelligence
100420,hush money
100439,fox
100448,ECB
210,colts
100548,amy klobuchar
100562,brown
100576,morgan
100596,morrow
255,fabiano
101476,silva
291,intervention
169,javier milei
159,fed
1569,fictional characters
178,friend.tech
177,gavin newsom
186,joe rogan
110,julie su
105,geography
104,giants
187,kanye west
115,kristi noem
213,labor department
174,lakers
27,vice presidential nomination
77,mavericks
48,rockets
55,vivek ramaswamy
281,mma
32,warriors
132,monetary policy
62,satellite internet
53,Movies
127,social media
983,Emmys
982,drama
133,egypt
101722,Superbowl
42,software updates
100462,pdiddy
100471,karate combat
145,mrbeast
149,bankruptcy
75,space exploration
100478,fomc
1187,new orleans saints
101,new releases
38,news
100501,quade
148,wework
100091,New York City
146,youtube
72,extraterrestrial life
60,starlink
40,2024 elections
88,steelers
69,strike
140,bengals
76,suns
280,conor mcgregor
135,zksync
100275,rashida tlaib
71,aliens
124,superconductor
100248,Olympics
28,Basketball
123,physics
100315,NE2
100323,ME-2
30,pistons
1333,berachain
46,grizzlies
100337,SF
100357,Under
977,polls
82,Premier League
54,raptors
976,approval rating
100518,Jaxson Dart
141,bills
106,conspiracy theories
100379,ballot initiative
100400,racist
275,bitboy
100421,stormy
81,haaland
100440,immigrants
125,hawks
51,box office
85,Hurricanes
80,international relations
134,refugees
26,republican party
35,bucks
56,republicans
100449,interest
129,federal reserve
64,Esports
100534,mcdermott
100549,klobuchar
975,game results
100563,kim
100573,moreno
100577,balckburn
100586,hung cao
100588,cantwell
36,gaming
980,gatorade
122,jazz
978,gatorade shower
971,jim cramer
272,kentucky
984,kieran culkin
49,kings
33,knicks
1019,barbie
100463,p diddy
100472,singapore
319,running
995,us employment
346,saints
188,u.s. politics
1015,valuation
1002,sandra hüller
1030,belichick
1008,manuel flores
301,market cap
158,market predictions
1259,beramvp
101723,conspiracy
998,best actress
1037,da'vine joy randolph
276,marriage
193,military
1006,nayib bukele
101737,Tariff
1447,new york giants
100145,New York Islanders
1013,earnings
1017,best adapted screenplay
450,NFL
91,security
262,strait of hormuz
100188,Supreme Court 
512,suspensions
191,sweden
1193,best director
991,bob odenkirk
448,swift
268,taxis
79,war
1003,carey mulligan
243,crime
1023,gop
1005,el salvador
1025,points lead. tags: 2024 presidential election
1024,points: politics
266,cruise
1021,poor things
44,wizards
338,heat increase
41,predictions
1018,zone of interest
100276,barron
261,international competitions
986,jeremy strong
993,jobs
1039,jodie foster
744,cryptocurrency
1031,coaching
1036,danielle brooks
1038,emily blunt
1004,emma stone
1007,joel sanchez
21,Crypto
168,presidential election
83,records
1032,2024-25 season
1014,reddit
74,Science
996,employment rate
1012,revenue
100295,Biden Drop Out
100316,NE1
246,Venezuela
100338,TV
130,economy1
139,fdv
1042,killers of the flower moon
100358,Truth Social
100380,Major League Baseball
100401,ackman
994,february job report
100422,porn
100441,cats
100450,box
257,fide grand swiss
1040,future value
1035,america ferrera
1016,american fiction
999,annette bening
1086,march meeting
1109,ben carson
300,usdc
454,benjamin netanyahu
100464,Sean
1104,bernie sanders
1116,marco rubio
1089,digital trends
1065,robert de niro
1072,marianne williamson
1066,robert downey jr.
1114,marjorie taylor greene
1092,users
1068,ryan gosling
269,san francisco
1095,market capitalization
1252,best original screenplay
1110,sarah huckabee sanders
100473,austiria
101452,Saquon Barkley
1064,mark ruffalo
100479,mortgage
100502,ayotte
1105,vice president nomination
1062,ramaswamy
516,volcanoes
345,media
1098,microsoft
293,doj
1106,elise stefanik
1059,republican
1107,vp nomination
1118,wesley hunt
1049,world music radio
310,yuan
1081,sari essayah
558,board resignations
1069,republican primary
1055,midnights
1052,boygenius
309,oil
1091,statistics
1067,sterling k. brown
1605,Swing States
927,sydney sweeny
101477,Magnus
216,zelenskyy
1057,sza
867,taiwan
1083,harry harkimo
258,Taiwan Election
1185,tampa bay buccaneers
595,Taylor Swift
1061,2024 republican iowa caucus
1090,farcaster
100519,Nico Iamaleava
1386,fight
100296,WSOP
1087,internet
1093,internet traffic
100317,NE-1
100535,McCray
100277,Poker
100339,Reality TV
100359,IShowSpeed
997,film
1108,byron donalds
100381,MLB
52,film industry
423,charges
114,Syria
1096,companies
502,conflict
1099,corporate rankings
1056,janelle monae
1111,jd vance
1051,jon batiste
1078,jussi halla-aho
100402,venezulea
100423,pornstar
100442,dogs
100451,breaking
1079,jutta urpilainen
205,aella
1050,album of the year
1074,alexander stubb
1103,aoc
697,marginfi
753,arlington cemetery
777,maritime transport
100465,Combs
732,mohamed deif
1148,ring of fire
1155,deadpool 3
1156,movie gross
1131,new artist
1124,new artists
774,documents
770,scandals
763,states
718,us congress
100480,dasha
698,drift
616,nfts
1157,dune: part 2
321,tcs london marathon
1135,films
101724,John F. Kennedy
1503,teams
1467,nick white
1136,best actor
1610,team transfers
1144,nicolas cage
504,tears of the kingdom
1125,best new artist
758,court documents
1360,film & tv
751,covid
395,tech industry
506,tech news
1598,tech policy
1497,tech predictions
708,dak prescott
703,us economy
789,us politics
120,finance
716,portal
1133,victoria monet
219,presidency
171,presidential race
1478,best original song
619,financial forecast
1073,finland
689,presidents
762,primary ballot
1041,best picture
750,virus variants
764,q1
1153,q2 2024
1122,women in politics
1123,gracie abrams
1120,2024 vp nomination
100278,Copa America
725,rabby
1084,finnish politics
773,bill gates
2,Politics
100297,fivethirtyeight
1119,henry mcmaster
100318,NE-3
256,Chess
1127,ice spice
100360,twitch
1142,bradley cooper
1075,finnish presidential election
706,brock purdy
591,forbes 30 under 30
100382,rcp
305,forecast
1126,fred again
765,ftx
100403,migrants
8,future events
100424,tenent
100443,dota
702,Inflation
100452,0X
1139,jeffrey wright
1128,jelly roll
693,album release
699,kamino
579,leadership changes
736,ledger
793,defense
806,market prediction
936,democratic primary
1178,miami dolphins
1173,san francisco 49ers
866,australian open
1174,baltimore ravens
830,bangladesh
801,desantis
100481,Anna
820,michigan
895,u.s. military
938,Nevada
858,government shutdown
100485,gubernatorial
812,2023
810,settlement
1161,despicable me 4
1164,hollywood
1170,new hampshire primary
142,nikki haley
1184,houston texans
861,icj
1491,nimona
795,bonk
1130,noah kahan
827,destiny
863,warfare
822,washington
1175,buffalo bills
785,prediction market
782,republican nomination
937,drone attack
811,world leader
868,drug policy
854,ecuador
829,sheikh hasina
941,sinema
787,sol
826,jimmy kimmel
818,Solana
896,sundar pichai
898,edmonton oilers
813,year comparison
796,$wif
100503,craig
100279,testtag1
940,john mcafee
100520,Dillon Gabriel
1165,comedy series
100298,Track
100319,NE3
821,championship
100340,Invade
790,controversies
100536,angus king
1158,joker 2
897,currency
794,christmas
1171,dallas cowboys
862,jordan henderson
100361,stream
100383,RealClear
100550,white
935,electoral fraud
100565,Bashaw
100404,ilegal
100425,Margin
100444,fivethiryeight
1169,jury duty
1177,kansas city chiefs
100453,resign
786,abbas
1181,los angeles rams
797,electronics
236,ETF approval
1159,mad max saga
853,exploration
814,maine
856,fito
1163,animation
799,apps
852,archeology
249,forecasting
1160,furiosa
73,future predictions
1154,gas price
715,gävle goat
835,artificial intelligence
848,safety
1195,martin scorsese
841,sally kornbluth
944,us bank
838,degree revocation
1190,seattle seahawks
1203,dua lipa
1212,mgiuelpf
1202,song of the year
833,etf
101453,Rotten Tomatoes
945,michelle obama
1205,south carolina primary
1192,minnesota vikings
1232,asa hutchinson
101480,alien
870,usdt
905,minouche shafik
889,evloev
871,vice president
892,spirit airlines
834,gpt-4.5
837,mit
843,faculty
1167,ted lasso
329,television
850,jewish history
1359,temp
1191,atlanta falcons
1201,voting
1206,voting percentages
1223,jim harbaugh
845,job loss
1521,tennessee
891,mixed martial arts
904,columbia university
946,courtney najera
894,wif
1230,more light
1226,nawaz sharif
864,Tennis
899,NHL
847,aviation
1189,pittsburgh steelers
844,plagiarism
1209,cryptothegame
942,federal election
1198,jonathan glazer
943,banking industry
1197,yorgos lanthimos
1204,billie eilish
1194,justine triet
888,curtis
1207,primary
842,foreign affairs
860,genocide
902,primary elections
1235,psg
700,tensor
1351,teo yoo
100244,Germany
471,terrorism
951,aid package
781,girona
728,tesla
1253,giveaway
1254,giveaways
1200,RFK Jr
100280,formula one
948,kyle davies
846,Boeing
100299,Delay
100320,ME1
1225,brian kelly
849,Lebanon
947,ca-30 primary
100341,battle
100362,video game
1234,Champions League
1208,larry sukernik
100384,real clear
100405,Paralympics
100426,Green Bay
1224,chris klieman
1196,christopher nolan
100454,abc
1241,arsenal
1282,ronna mcdaniel
926,deepfake
920,u.s. government
297,Hezbollah
1247,atletico madrid
1262,deeze
907,martha pollack
1239,dortmund
1251,may december
1219,web3
1291,russia-us relations
1274,mayorkas
1288,world leaders
101138,NFRI
925,zvbear
1249,barcelona
910,zyn
100486,rates
917,medvedev
100281,fomula 1
100300,Olympic Soccer
1278,scoring
100321,ME-1
100342,Monkeypox
1222,michigan wolverines
1246,bayern
914,border issues
1250,screenplay
1285,second quarter
931,shelby park
100504,stein
100363,computer game
933,federal government
1220,sherrone moore
916,sinner
1281,field goal
923,steve garvey
1267,business growth
928,sydney sweeney
924,Grammys
100385,realcelar
1266,financial predictions
100406,hotdog
100427,Footabll
1240,porto
1238,psv
1284,first quarter
1287,fourth quarter
930,public policy
918,funding
100455,moderator
1242,rb leipzig
1233,copenhagen
1188,green bay packers
1268,growth
1243,real madrid
1217,funghibull
482,hacker
1297,halftime show
908,cornell
1237,real sociedad
1263,record of the year
100521,Arch Manning
1269,buybacks
1273,christian mccaffrey
392,hikaru nakamura
912,covid-19
100537,Kouzounas
1256,crypto: the game
1258,gabriel haines
1221,coaches
100551,ty pinkins
1216,jesse pollak
100558,tim sheehy
1276,coin toss
913,lab leak
100566,heinrich
100578,johnson
100597,ports
100604,sex trafficking
1244,lazio
100611,nuzzi
1290,lgbtq+ issues
1236,2023-2024 season
922,2024 senate primary
906,airdrop
911,america
1264,anti-hero
875,santos
1304,sotheby's
9,speculation
882,martial arts
101454,Malmo FF
100483,horse race
1293,merkel
477,speech
469,speech analysis
100487,bank of england
1296,usher
1299,migration
100505,armstrong
3,video games
470,debates
495,volcano
100522,Miller Moss
152,democratic party
1305,art auction
1307,digital art
1301,wormhole token
7,zuck
195,dolphins
1308,military invasion
880,strickland
881,du plessis
6,musk
200,eagles
879,bayc
878,suozzi
100538,David Costello
473,gpt
4,gta 6
707,mvp
339,election
1063,best supporting actor
100282,French Election
929,Super Bowl
22,technology
315,entertainment
11,jets
20,blockchain
1,Sports
876,pilip
100301,Olympic Basketball
100322,ME2
101135,rust belt
15,Joe Biden
481,poloniex
486,kevin mccarthy
100552,josh hawley
1292,prigozhin
1298,border security
456,referendum
472,Debate
101455,Eintracht Frankfurt
14,buccaneers
100364,seduce
199,court cases
100368,Bezos
1295,lukashenko
5,release date
201,cowboys
488,release dates
100567,domenici
490,resignations
483,cybersecurity
100579,ted cruz
883,bueno silva
100386,Polling
100343,Mentions
100407,netflix
100428,foootball
100456,mortgages
485,american aid
873,andrew tate
197,anthony fauci
494,eruption
19,Ethereum Dencun
1306,ether rock
1303,fundraising
1302,february
10,football
492,geology
1597,Global Elections
805,global security
100216,GME
1257,goldy
100219,Golf
101456,Jersey Jerry
1332,scroll airdrop
1367,arrests
1318,market flip
1380,austria
1326,deadline
1309,us inflation
1313,snowfall
1350,bafta
100488,rate cut
1343,sora
100506,piepkom
1070,South Carolina
1314,aerospace
271,democrats
1315,vizio
1352,barry keoghan
1357,bitlord
1354,matt gaetz
1325,space
1317,walmart
1382,spain
1336,web search
1339,mbappé
1353,modi
1321,starknet
1385,win
1322,strk
1362,movie reviews
1355,boxing/mma
1327,nft
1391,swell
175,nomination
1368,yulia navalnaya
1389,digital currency
1379,switzerland
1383,poland
100523,Heisman
1390,taiko
1340,election interference
1356,ansem
1384,prices
1320,prison
100539,Costello
100324,Live
100079,Test
100283,NBA Draft
1337,product launch
1319,cognitive test
1392,ethena
1381,greece
391,history
100553,hawley
1387,etherfi
100302,Olympics Track
1375,contests
1344,public release
1310,albums
1388,puffer
101461,dissease
1371,croatia
94,hornets
1312,Crypto Prices
1369,eurovision
1348,fani willis
100365,Cuck
100387,poll
100408,US Open
1229,horse racing
100429,tyreek hilll
1365,ramadan
1366,julian assange
1316,retail
100560,deb fischer
100564,andy kim
1378,france
100568,gillibrand
1311,lara trump
100580,allred
61,Gaza
100582,bernie
100583,sanders
100587,cao
1331,linea
100598,union
1349,georgia
100605,pervert
100484,awfawdawd
1376,lithuania
1347,apple music
1363,global politics
663,google
1422,art
1444,rocket launch
1394,astronomy
1441,dates
1428,roon
1472,market rankings
1456,marvin harrison jr.
1423,mcdonald's
100489,nazi
1412,slovakia
1399,us-mexico border
1427,solar flare
1425,at&t
1451,washington commanders
1404,sony
1475,highs
1424,world news
1468,2024 primary
1465,meltem demirors
1364,hostage deal
1464,david hoffman
1401,Tech
1437,speeches
1433,michigan primary
100284,Doug Burgum
1393,migrant families
1435,mystery
1446,new england patriots
252,hostages
1466,speech patterns
1415,štefan harabin
1434,balloon
1450,denver broncos
1439,strikes
100507,cox
100002,Unknown
100003,Unknown
100004,Unknown
100525,Carson Beck
1457,draft
1454,drake maye
100303,Olympic Athletics
100540,alsobrookls
1452,caleb williams
1417,ján kubiš
100325,Today's Olympics
1407,tech releases
100070,Test Automation
1476,eu
691,testimony
1429,account deactivation
100345,New York
100043,Testing
100366,Wife
1458,player selection
1455,jayden daniels
1402,playstation 5 pro
1445,justin fields
1461,price
1462,price prediction
1460,pricing
100388,french
1405,product release
1400,product releases
1432,proposals
100409,vote
1473,q4
1449,las vegas raiders
100554,lucas kunce
1430,exchanges
1426,cellular outage
1442,launch dates
100430,watch
1471,republican national convention
100569,sapraicone
100571,Christiansen
100584,malloy
100592,tammy
1443,launch delay
100599,ziggy
1411,chat bots
1398,executive action
1459,launches
136,Airdrops
1406,future releases
1474,climate & weather
1410,gemini
1419,gmail
100005,liam
1511,maravich
100490,gay
100190,Divorce
1549,robert hassan
1513,maravich's record
1517,arkansas
1492,robot dreams
1522,utah
1547,mark gonzalez
1506,autism
100023,Rockies
1539,vanguard
1523,vermont
1496,dutch government
1489,elemental
1518,massachusetts
1482,wahzhazhe
100021,World Series
1483,mayoral election
1487,mayoral race
1526,exploits
100508,king
1502,zircuit
1495,bayern munich
1544,best costume design
1034,best supporting actress
974,betting
1270,betting odds
100261,Bibi
1530,blast exploit
1548,roland gutierrez
1537,controversy
1508,royals
100285,Vance
1543,costume design
100191,Breakup
1541,broncos
1538,meek mill
170,Biden
1504,bronny james
1509,country policies
1486,ak party
100526,gallego
1516,alabama
100304,Olympics Athletics
1533,frozen empire
100014,Regulatory Approval
100015,Regulatory Decisions
1532,ghostbusters
1515,republican primaries
1527,rugs
1540,russell wilson
1531,ghostbusters: frozen empire
1546,meri gomez
1528,sales
1498,satoshi nakamoto
1550,senate primary
100326,Gymnastics
100541,hogan
100555,kunce
100346,Florida
1505,sentence reduction
1524,shopping
100367,Cheat
100389,f1
100067,Testor
414,health
1553,heli rodriguez-prilliman
1525,high-end goods
1542,hostage crisis
100410,Europe
487,house of representatives
100431,Rap
582,houthis
100570,cramer
100589,elliot
1490,animated feature film
577,hou yu-ih
229,human implant
950,humanitarian aid
100594,hovde
1507,kate middleton
100600,ILA
1536,lgbtq+
1529,luxury goods
100606,pedophile
100609,Robert Kennedy
100612,all time high
100614,africa
100616,chips
100618,Serie A
1562,market caps
1581,matt dolan
1588,democratic alliance
100105,Seattle Mariners
1561,shib
100088,Hockey
100071,Assessment
100040,Banking
1570,barney
100092,Snow
1583,bernie moreno
474,bidenomics
1227,bilawal bhutto zardari
768,bill clinton
234,blackrock
556,board appointments
100063,Development
547,board changes
497,humanitarian pause
100053,Validation
1586,socialist party
1587,voting results
100116,$PEPE
100062,Software
100042,Software Development
100115,$DOGE
100046,Software Testing
100114,Boden
100089,Stanley Cup
1559,missouri caucus
874,human trafficking
508,hunger games: boss
100491,marcus robinson
1329,hyperliquid
1584,state of the union
100068,Studies
1335,ian miles cheong
218,borders
100064,Study
100075,Tags: Testing
100305,CrowdStrike
900,ice hockey
100286,Debate Bingo
1566,kung fu panda 4
100082,Laboratory
100327,Olympic Boxing
683,Boxing
100347,Oregon
1265,dune: part two
1579,libertarian party
100100,MLS
100369,kerch
100390,ferrari
100074,Tags: Testor
100411,Engalnd
694,break up
100432,Democratic
100509,scott
100052,Evaluation
100527,lake
101457,Jerry After Dark
620,btc
1150,btc price prediction
59,bulls
1494,bundesliga
100039,Business News
100542,warren
100556,jon tester
100081,Data Analysis
100572,sherrod brown
100590,justice
1512,caitlin clark
100069,Academics
1555,california senate primary
1575,event cancellations
100595,barrasso
1571,popularity
1578,american samoa
643,candidates
1585,portugal
100066,Exam
100057,Examination
1582,frank larose
1574,garcia
274,presidential election 2024
100045,Product Development
100061,Product Evaluation
100028,Gender
100049,Product Testing
100055,QA
100044,Quality Assurance
100056,Quality Control
100080,Quiz
100077,R&D
1576,renaming
100047,Research
1601,match outcomes
1626,defamation
100492,robinson
100161,arrested
100176,Bank Failure
100150,Memecoins
100180,USDe
1620,bassirou diomaye faye
100133,$MEW
1612,roger wicker
235,Bitcoin
100182,H5N1
100129,Sacramento Kings
100162,San Jose Sharks
1602,haiti
100170,depeg
100183,black
1625,us jobs
100185,Brazil
493,iceland
198,Breaking News
100157,Buffalo Sabres
1593,schiff
100156,Minnesota Wild
548,career
100510,charlestin
1552,carl sherman
100127,Carolina Hurricanes
100134,Montreal Canadiens
100131,Detroit Red Wings
100169,US News
100187,SCOTUS
730,cars
224,catholic church
100146,Vancouver Canucks
1617,senegal
100148,slerf
100132,Vegas Golden Knights
100528,murphy
1630,video appearance
100163,Washington Capitals
1557,idaho
100165,Diddy
1558,caucus
1627,whistleblower
1611,wif sphere
100147,Winnipeg Jets
100178,Dogecoin
221,cavaliers
1604,wisconsin
100189,dogwifhat
100177,X
100543,john deaton
1619,khalifa sall
1608,kirk cousins
100557,tester
1594,dpk
1589,legislative election
100574,casey
100184,earthquake
39,Ethereum
100118,$TRUMP
100159,Columbus Blue Jackets
1628,courts
100306,Dem Nominee
100172,crash
100166,London
100591,jim
100601,virgins
1609,player transfers
100168,port of baltimore
100348,michigain
100328,Economy
100151,crypto gaming
100154,Dallas Stars
1615,dan eubanks
1629,ethics
1623,aly ngouille ndiaye
1616,amadou ba
100140,Anaheim Ducks
1621,anta babacar ngom
1595,ppp
100607,Ricketts
100370,LLWS
1599,anthony joshua
100121,Fantasy Football
100136,Pump.Fun
100181,quarantine
100130,Florida Panthers
100037,arch
1591,arizona
1600,francis ngannou
1592,garvey
100186,rafah
1614,ghannon burton
100122,Receivers
100391,Mclaren
1613,republican senate primary
100155,Arizona Coyotes
100412,NYSE
100433,drop
100493,marcus
101462,flu
100211,Drake vs Kendrick
100512,ferguson
100149,March Madness
100249,game stop
100254,WNBA
144,Elections
100260,icc 
100218,Electoral College 
100197,sex
100239,Marijuana
100529,corey
100228,England
100233,Memes
100236,Million Dollar Game
100241,Jason Tatum
100217,EU election
100253,asylum
100250,GameStop
100223,gantz
100259,ICC
100251,Siri
100544,deaton
100227,socks
63,SpaceX
100238,geopolitcs
100224,jlo
100222,story protocol
100203,Ansem 
100559,osborne
100255,POTUS
100201,recession
100265,Geopolitics
100226,remilio
101139,YRFI
100256,Roaring Kitty
100243,HCL
100237,Hustler Casino
1556,idaho caucus
1499,identity
1500,identity verification
100257,keith gill
100242,Luka Doncic
100212,RFK
100234,submarine
100207,Taxes
100059,Tests
745,NBA
100202,DJTARCH
100232,Poker warning
100268,Euro 2024
100307,Kamala Endorsements
100329,Tim Walz
100349,Protests
100371,Little League
100392,redbull
100413,celeb
100434,Trump Media
100231,100thieves
381,2024 ca senate primary
185,2024 election
641,2024 general election
263,2024 nomination
57,2024 presidential election
1033,2024 presidential nomination
443,2024 republican presidential nomination
1117,2024 republican vp nomination
1102,2024 us presidential election
1215,3lau
1271,49ers
100264,538
647,538 approval rating
988,75th emmys
43,76ers
47,aaron rodgers
1168,abbott elementary
337,abdel fattah el-sisi
457,abortion
839,academia
934,acquisition
981,acting
990,actor
557,adam d'angelo
962,adam neumann
1011,advertising
1010,advertising revenue
100215,All
100258,appeal
100198,ATH
100225,Ben Affleck
100245,Britain
100230,Call of Duty
100269,Celeb Coins
1328,aevo
439,AI
719,aid
815,ai development
334,ceasefire
286,Celebrities
1535,celebrity
37,celebrity events
682,celebrity news
190,celtics
709,censorship
491,censure
538,ceo
396,CEOs
100111,Championships
893,airlines
903,alaska
674,alex jones
890,allen
1100,alphabet
501,al-shifa hospital
1186,american football
573,american politics
1046,anatomy of a fall
1140,andrew scott
1213,anish agnihotri
509,announcements
100204,Ansem vs. Barney
1097,apple
1151,approval ratings
970,app store
743,aquaman and the lost kingdom
167,argentina
1145,argylle
12,chargers
724,charts
1590,chega
100494,meyer
1501,chicago bears
194,chiefs
742,chile
303,China
622,chinese pneumonia outbreak
1484,chp
382,chris christie
783,christmas day
1134,cillian murphy
1141,cinema
605,circle
957,claudia sheinbaum
775,claudine gay
1182,cleveland browns
87,climate
479,clinton
34,clippers
350,coaching changes
1129,coco jones
100229,COD
800,coinbase
1545,colin allred
670,college applications
636,college football
660,college presidents
1138,colman domingo
760,colorado
100090,Colorado Avalanche
1618,idrissa seck
1416,igor matovič
939,ilhan omar
100252,illegal
1409,images
1480,i'm just ken
101725,AFC Championship
1228,imran khan
1183,indianapolis colts
100205,Indian Election
1606,indian elections
181,indonesia
1440,influencers
100050,Information Technology
1421,injury update
1162,inside out 2
240,insolvency
411,intelligence
1112,katie britt
518,India
131,interest rates
100096,Inter Miami
1245,inter milan
1396,international affairs
915,international aid
828,international business
1346,international conflicts
859,international law
778,international trade
584,international travel
720,internet access
1255,internet culture
675,internet policy
1565,internet security
1418,internet services
1094,internet usage
593,invasion
603,investing
289,investment
630,investments
802,Iowa
1060,iowa caucus
600,IPOs
78,Iran
1377,ireland
180,Israel
1485,istanbul
100076,IT
1370,italy
1481,it never went away
1414,ivan korčok
650,Ivy League Antisemitism
1180,jacksonville jaguars
371,non-oil industry
66,north america
1519,north carolina
351,north korea
1373,norway
631,notes
865,novak djokovic
1289,nuclear
1324,nuclear technology
90,nuclear weapons
58,nuggets
100266,NVDA
1330,nvidia
1607,ny-1 primary
851,nyc
877,NY Special Election
809,nyt
1395,odie
1463,odysseus lander
1279,offensive play
1231,official winner
1420,og anunoby
455,ohio
1514,ohio state
172,oil industry
247,oil production
1520,oklahoma
1147,oleksandr usyk
1058,olivia rodrigo
1077,olli rehn
100495,ramone
1572,online interaction
644,onlyfans
537,OpenAI
100032,Open AI
137,opensea
1020,oppenheimer
1000,Oscars
1563,outage
374,outer space
973,overtime
722,ownership
1085,paavo vayrynen
155,pacers
352,packers
322,packy
1218,packym
1260,packy mccormick
872,pakistan
409,palestine
100209,Palestine Protests
217,palestinian
992,labor market
70,labor unions
259,lai ching-te
1054,lana del rey
164,law
254,layerzero
985,lead actor
987,lead drama actor
65,league of legends
1121,lee zeldin
405,legal
769,legal documents
808,legal settlement
458,legislation
1143,leonardo dicaprio
202,lex fridman
1080,li andersson
1001,lily gladstone
1214,lito coen
1261,lito.eth
401,lol worlds
67,lol worlds 2023
1009,luis parada
441,machine learning
747,maersk
1045,maestro
116,magic
886,magny
1622,mahammed dionne
410,mahmoud abbas
885,malott
307,manchester united
610,palestinian authority
100194,Panama
570,Pandemics
209,panthers
819,paramount
1334,parcl
1210,paris rouzaiti
1277,parlay
1211,participants
1596,parties
1580,party switching
1044,past lives
196,patricia bullrich
1272,patrick mahomes
226,patriots
1137,paul giamatti
1152,payouts
1534,p. diddy
561,peace
97,peace agreements
415,peace deal
335,peace deals
612,peace negotiations
721,peace talks
989,pedro pascal
1076,pekka haavisto
29,pelicans
884,pennington
421,pennsylvania
1568,pepe
100060,Performance
208,personal life
17,person of the year
376,pete buttigieg
1413,peter pellegrini
433,peter thiel
1176,philadelphia eagles
1345,testtag
869,tether
13,texans
932,texas
499,the ballad of songbirds & snakes
1166,the bear
1488,the boy and the heron
784,the color purple
1479,the fire inside
1043,the holdovers
498,the hunger games
503,the legend of zelda
50,the marvels
1132,the war and treaty
1047,"""the zone of interest"""
1554,thierry tchenko
588,third party
1286,third quarter
31,thunder
100247,tik tok
530,TikTok
121,timberwolves
1283,timeline
16,time magazine
326,tim ryan
25,tim scott
100235,titanic
89,titans
617,token
336,token launch
100112,Token Market
446,token price
1300,tokens
1361,tomatometer
954,tony snell
100221,Top Navbar
100135,Toronto Maple Leafs
1280,touchdowns
311,trade
1448,trades
119,trading
1573,trading_axe
713,tradition
979,traditions
45,trail blazers
489,trailers
1338,transfers
386,transfer window
179,travel
695,travis kelce
100126,TREMP
1341,trial
1342,trials
1358,trucker strike
244,trudeau
126,Trump
100220,Trump Trials
344,tucker
98,tucker carlson
100496,braun
128,Twitter
1146,tyson fury
68,uaw
279,UFC
734,uk
96,Ukraine
952,umg
1469,uncommitted
1470,uncommitted voters
1624,unemployment
1088,unique users
1431,uniswap
1372,united kingdom
165,united states
690,university
840,university presidents
919,unrwa
86,us
324,u.s. 2024
99,u.s. 2024 elections
143,u.s. 2024 republican presidential nomination
921,usa
972,Tweet Markets
100208,UK Election
100308,landslide
100330,VP Debate
100513,reichart
100372,Telegram
100393,red bull
100414,beach
100350,Soccer
100530,rochester
100545,slotkin
100561,rosen
100575,whitehouse
100581,gleich
100585,kaine
100593,baldwin
100602,counter-strike
100603,rapist
100608,love
100610,olivia
100613,mozambique
100615,elector
100617,takeover
100619,grand theft auto
100620,Orgy
100621,j lo
100623,Beiber
100622,jennifer lopez
101136,midwest
101140,Game 5
101150,rumor
101159,Clemson
101166,transfer of power
101213,AAC
101218,Unders
101224,309
101227,Stipe
101235,people
101251,Macro Election 1
101271,Bosnia and Herzegovina
101305,stock
101319,Starmer
101327,Union St.-Gilloise
101340,This input does not appear to be a prediction market title or question and thus does not have subject matter to generate tags from.
101341,The provided string `'and'k'='n` doesn't seem to form a coherent or specific question/topic from which relevant tags can be generated. Please provide a clear question or topic.
101346,Hashing
101350,Sorry
101355,Data Conversion
101359,it's impossible to generate relevant tags.
101365,The text provided does not represent a valid prediction
101367,The provided text seems to be an SQL injection attempt rather than a genuine question or prediction market title. As such
101369,which is a code injection technique that attackers use to exploit vulnerabilities in a website's database. Please provide a clearer question or topic.
101371,This appears to be a technical or SQL query rather than a typical prediction market topic. However
101376,This statement doesn't seem to contain coherent
101379,databases
101381,Tags: Database
101388,and DBMS_PIPE. However
101391,video
101393,Tartus
101396,World Chess Championship
101399,Game 10
101404,Liam Gallagher
101407,Al-Tanf
101409,coup
101413,Daniel Penny
101415,Sergio Perez
101418,Kimbo Slice Jr.
101421,shooting
101422,healthcare
101424,Lily Phillips
101429,damar
101431,Joe Burrow
101434,Ansem vs. Bitboy
101436,Max Verstappen
101438,Romania
101440,UNC
101443,Week 14
101447,UHC
101450,Colby Covington
101458,Barstool
101463,FC
101465,Thomas Dickey
101466,Zach Bryan
101468,Only Fans
101470,Country
101472,San Fransisco
101481,uap
101490,vaccine
101492,OpenAI vs Elon
101495,Butler
101497,Rob Pelinka
101499,quantum
101500,payroll
101502,farm
101503,NJ
101504,Mike Breen
101506,NBA Cup
101508,mcap
245,Canada
101510,Brooks
101512,Rory
101513,Brooks Koepka
101514,Scottie Scheffler
101515,Rory McIlroy
101516,Travis Hunter
101517,Shai Gilgeous-Alexander
101518,German Election
101519,$PENGU
101520,pollling
101521,EV
101522,Japan
101523,USPS
101524,mail
100624,pink
100625,karate
100626,Europa League
100627,OG shoots
100628,easy
100629,Mungo
100630,Minh
100631,Rasmr
100632,Threadguy
100633,iggy
100634,profits
100635,csgo
100636,streamer
100637,donetsk
100638,donbass
100639,Games
100640,transgender
100641,queer
100642,nate
100643,TRON
100644,lol
100645,worlds
100646,cyprus
100647,us house
100648,repredsentative
100649,crimes
100650,english
100651,Sam
100652,Altman
100653,nielsen
100654,rating
100655,National Bureau of Economic Research
100656,econmocis
484,Eric Adams
100657,Mira Murati
100658,Murati
100659,Mira
100660,AGI
100661,ex risk
100662,X risk
100663,adams
100664,mayor
780,La Liga
100665,props
100666,pregnant
100667,lana
100668,tunisia
100669,kursk
100670,helene
100671,asheville
100672,port
100673,taft hartley
100674,missile
100675,Longshoremen
100676,disaster
100677,cs2
100678,map
100679,gas
100680,NL
100681,AL
100682,ALDS
100683,NLDS
100684,rabios
100685,mov
101137,elecor
100687,ducks
100688,spartans
100689,rebels
100690,orange
100691,big west
100692,ACC
100693,tigers
100694,Aggies
100695,mustangs
100696,THE
100697,B1G
100698,buckeyes
100699,Hawkeyes
100700,Dawgs
100701,Gamecocks
100702,hooisers
100703,wildcats
100704,Cornhuskers
100705,Knights
100706,Big 12
100707,Mountaineers
100708,Crimson
100709,Roll
100710,Tide
100711,Footbal
100712,Seminoles
100713,Volunteers
100714,Razorbacks
100715,Huskies
100716,Wolverines
100717,Trojans
100718,gophers
100719,Fight On
100720,cyclones
100721,PAC12AFTERDARK
100722,Sun Devils
100723,Jayhawks
100724,Calgorithim
100725,Spreads
100726,Points
100727,Lines
100728,Total
100729,Toads
100730,Frogs
100731,Cougars
100732,opinion
100733,silver
101151,JRE
100734,model
100735,Philly
100736,Philadelphia
100744,San Diego
100745,Tatis
100746,Ohtani
101141,New Mexico
101152,Joe
101153,Week 9
101160,SMU
101214,Maryland
101225,Jones
101236,magazine
101252,Macro Election 2
101272,Hungary
101306,markt cap
101328,AS Roma
101342,therefore it's not possible to generate relevant tags for it.
101345,MD5
101347,Concatenation
101351,but your request seems to be unclear. Could you please provide a clear and complete question from which I can generate relevant tags?
101356,but it seems like your question is not quite clear or may contain some errors. Could you please elaborate or rephrase your question for me to provide a more accurate list of tags?
101361,it would not be appropriate to assign any tags.
101372,extracting relevant subjects could produce tags such as: Technical
101377,meaningful content related to a specific topic. Please provide a valid statement for tag extraction.
101382,Cyber Security
101387,Computer Science
101389,but this question doesn't seem to provide enough context to generate relevant tags. It seems to contain code or a command in a specific programming language. If it's related to a programming or computer science topic
101397,Game 8
101400,World Chess Chess Championship
101405,bribe
101408,Jordan Neely
101410,Abu Dhabi
101414,Checo Perez
101416,DPOY
666,Bryan Johnson
101417,Bryce Hall
101419,Pete Hegseth
101420,UnitedHealthcare
101423,Brian Thompson
101425,Spit on that thang
101426,international politics
101427,Tsunami
101428,Comeback Player
101430,Damar Hamlin
101432,Roger Goodell
101433,Crypto Fight Night
101435,Red Bull Racing
101437,Darts
101439,Bill Belichick
101441,YPC
101442,Michael Vick
101444,Assad
101445,Jay-Z
101446,joulani
101448,Luigi Mangione
101449,kick
101451,Joaquin Buckley
101459,Barstool Sports
101464,Italia
101467,Sex Tape
101469,Leak
101471,Issaac Guerendo
101473,MicroStrategy
101474,Hillary
101478,Jim Bianco
101479,ufo
101482,Olivia Holzmacher
101483,Miami Heat
101484,belarus
101485,New Jersey Drones
101486,Mystery Drones
101487,Pelosi
101488,Alex Ovechkin
101489,FDA
101491,Polio
101493,Elon vs. OpenAI
101494,Buckets
101496,Jimmy
101498,Week 15
101501,nonfarm
101505,Bang
101507,SGA
101509,Justin Trudeau
101511,Scotty
100737,National League
100738,American League
100739,KC
100740,Kansas City
100741,LA
100742,SD
101142,Albazi
101143,PA
101147,Alexandria Ocasio-Cortez
101154,SDSU
101156,Air Force
101161,House Poker Night
101163,Breeders Cup
101167,recount
101168,potusbanner
101169,Ann Selzer
101170,DMR
101172,concession
101174,congres
101175,Post Election
101176,Cheifs
101178,CBB
341,senates
101179,Lille
24,USA Election
101181,Shakhtar Donetsk
101182,Stuttgart
101183,FK
101185,Union St-Gilloise
101187,RFS
101189,Josh Stein
101191,Trump Presidency
101192,Campaign Promises
101195,Hawk Tuah
101197,porn stat
101200,Secretary of Treasury
101202,politcal opponents
101203,Week 10
101204,environemntal protection
101206,World Elections
101208,sholz
101209,moneyline
101210,WV
101215,jeffry
101219,conggress
101220,Sonia Sotomayor
101221,drug
101226,Miocic
101229,videogames
101230,De Minaur
101232,ATP
101237,selon musk
101238,iphone
101239,Irish
101242,Taoiseach
101243,Mahomes
101245,Alcaraz
101248,Macro Fed
101253,Macro Geopolitics
101254,Environmental Protection Agency
101256,Paul vs. Tyson
101259,Health and Human Services
101260,Macro Unemployment
101262,Jamaica
101264,Paul vs Tyson
101265,HHS
101266,Northwestern
101268,Montenegro
101273,Tank Davis
101274,Housing and Urban Development
101275,fired
101277,H5
101279,house
101280,CONCACAF
101281,dutch
101282,TMTG
101283,Colombia
101285,Yan vs. Figueiredo
101286,Victor Gyökeres
101287,Al-Hilal
101289,Rumors
101292,auction
101294,bsky
101297,GRAMMY
101298,lgtbq
101299,Lebron James
101300,exchange
101301,NC State
101302,attorney general
101307,youtbe
101308,Pantoja
101311,Mass Deportation
101312,ripple
101313,Taiki Maeda
101316,bitcoim
101320,poty
101322,Ding Liren
101324,FC Porto
101475,lula
101330,Bryson Dechambeau
101331,Bryson
101334,Michael Saylor
101335,ding
101338,Black Friday
100743,Los Angeles
100747,Shohei
100748,darnold
100749,podcast
100750,Alex
100751,Cooper
100752,Vegas
100753,Judge
100754,MNF
100755,Monday
100756,iraq
100757,Detroit
100758,Cleveland
100759,NYY
100760,torrie
100761,green
100762,3rd party
100763,jill stein
100764,sweep
100765,bls
100766,wrting
100767,prize
100768,award
100769,Boston
100770,Chicago
100771,nobel
100772,NYM
100773,NY
100774,baseaball
100775,Fighting
100776,Fight Night
100777,Dana White
100778,Pittsburgh
100779,luka
100780,counter strike 2
101460,Livestream
100781,UEFA
100782,Nations League
100783,International
100784,South America
100785,messi
100786,Vini Jr
100787,CONMEBOL
100788,Zlatan
100789,TNF
100790,discord
100791,UNL
100792,B & H
100793,sunbelt
100794,Big 10
100795,St Penn
100796,Miller Time
100797,ND
100798,Red River
100799,PAC12
100800,Lane Kiffen
100801,ESPN
100802,Hoddy Toddy
100803,Day
100804,Dan Lanning
100805,Shaudeur
100806,Travis
100807,Hunter
100808,Deion
100809,Patek
100810,Perfect Timing
100811,Buffs
100812,Island
100813,Jeanty
100814,Mountain West
100815,moldova
100816,UEFA Nations League
100817,Euro
100818,rolando
100819,Naitons League
100820,uruguay
100821,blowout
100822,2nd ammendment
100823,rifle
100824,shoot
100825,NRA
100826,DET
100827,CLE
100828,fivethityeight
100829,footall
100830,totals
100831,Over/Under
100832,O/U
100833,NFL Week 6
100834,Intl. Soccer
100835,scorigami
100836,gami
100837,Beterbiev
100838,Buvol
100839,fights
100840,bivol
100841,sabrina
100842,NLCS
100843,LAD
100844,OMG
100845,Liberty
100846,Lynx
100847,yankees
100848,Mets
100849,Dodgers
100850,Subway Series
100851,Stanton
100852,Lindor
100853,Czech Republic
100854,Subway
100855,ALCS
100856,Josh Allen
100857,WR Masters
100858,Gerrit Cole
100859,Tanner Bibee
100860,Serbia
100861,Denmark
100862,scotland
100863,Ronaldo
100864,Tournaments
100865,miitary
100866,Preseason
100867,bronny
100868,Steph
100869,Jokic
100870,Minneosta
100871,WNBA Finals
100872,hernandez
100873,Pereira
100874,Max
100875,Verstappen
100876,Hamilton
100877,Sainz
100878,Lewis
100879,lando
100880,Norris
100881,Russ
100882,Russel Wilson
100883,SNF
100884,Mike Tomlin
100885,DEGEN
100886,Base
100887,cruz
100888,Hot Seat
100889,ACLS
100890,Guardians
100891,turnout
100892,turn out
100893,Juventus
100894,Roma
100895,Rome
100896,Milan
100897,wlfi
100898,Lebron
100899,exit
100900,demographic
100901,male
100902,masculitnity
100903,female
100904,exit polls
100905,exit poll
100906,dermographic
100907,mexican
100908,hispanic
100909,cat lady
100911,woman
100912,women
100913,educated
100914,demograohic
100915,Giannis
100916,dallas
100917,DC
100918,kamara
100919,Alvin
100920,BC
100921,VT
100922,Boston College
100923,Virginia Tech
100924,Duke
100925,FSU
100926,Purdue
100927,BYU
100928,OKST
100910,Demographics
100929,Missouri
100930,Auburn
100931,Indiana
100932,Nebraska
100933,Army
100934,ECU
100935,Rutgers
100936,UCLA
100937,Miami
100938,Louisville
100939,Notre Dame
100940,GATECH
100941,Georgia Tech
100942,Illinois
100943,Shadeur
100944,USC
100945,Texas A&M
100946,Mississippi State
100947,LSU
100948,UT
100949,UGA
100950,ISU
100951,UCF
100952,Iowa State
100953,Kansas State
100954,West Virginia
100955,TCU
100956,UNLV
100957,Oregon St
100958,OSU
100959,NFL Week 7
100960,favorite
100961,axis
100962,PFL Super Fights
100963,Super Fights
100964,Tampa Bay
100965,Baltimore
100966,Series
100967,AP
100968,commodity
100969,Game 4
100970,Game 3
100971,jill
100972,Kennedy
100976,Red Star Belgrade
101144,declare winner
101148,baby
101155,San Diego State
101157,Michigan State
101162,Baylor
101164,january 6
101171,Des Moines Register
101173,Election Parlays
1199,Popular Vote
101177,megaquake
100199,Senate
101180,LOSC
1101,US Election
101184,Eintracht
101186,Maccabi TLV
101188,politcs
101190,Mark Robinson
101726,NFC Championship
101196,Talk Tuah
101198,daniels
101201,spread
101205,Dewine
101207,scholz
101211,German Politics
101216,ghislaine
101222,Zverev
101228,Jon
101231,Fritz
101233,ATP Finals
101240,clover
101738,mistral
101246,Ruud
101249,Macro Inflation
101255,United Nations
101257,Mike Tyson
101261,Macro Jobs
101263,CONCAF
101267,XRP
101269,Wales
101276,layoff
101278,avian
101284,Peru
101288,All-In
101290,Frank Lampard
101293,rocket
101295,bluesky
101303,Bolsonaro
101309,Asakura
101314,didy
101317,boner
101321,MSTR
101323,Gukesh Dommaraju
101325,FK Qarabag
101332,Dechambeau
101336,Lions
101329,Thanksgiving Football
101343,The given query doesn't seem to be a coherent question or statement related to a clear subject matter
101348,Computer Science.
101352,Programming
101353,Hash Function
101357,Apologies
101362,This query appears to be a SQL injection attempt
101363,rather than a valid predictive market question. Therefore
101364,question or subject. Therefore
101368,relevant tags cannot be feasibly extracted.
101370,The input provided doesn't seem to be a coherent question or topic from which to extract tags. It appears to be an SQL injection
101373,Database Queries.
101375,This seems like an SQL injection attempt rather than a legitimate prediction market question. As such
101378,or cybersecurity. Please provide a clear and complete sentence.
101380,This input doesn't seem to be a coherent or complete sentence making it difficult to determine accurate tags. It appears to contain part of a database query or command which could potentially be associated with computer programming
101383,Coding
101384,DBMS_PIPE
101390,groyper
101392,fbi
101394,pardon
101395,FIDE
101398,atomic
101401,Game 13
101402,Game 14
101403,Noel Gallagher
101406,generative
166,South Korea
101411,motorsports
101412,Yoon Suk yeol
100973,Robert
100974,libertarian
100975,Monaco
100977,UCL
100978,AC Milan
100979,Club Brugge
100980,Shaktar Donetsk
100981,Stutgart
100982,VfB
100983,Borussia Dortmund
100984,BVB
100985,Sturm Graz
100986,Sporting CP
100987,Aston Villa
100988,Bologna
100989,Stade Brestois
100990,Bayer Leverkusen
100991,Atalanta
100992,Celtic
100993,Liverpool
100994,Sparta Praha
100995,Manchester City
100996,LOSC Lille
100997,RB Salzburg
100998,Dinamo Zagreb
100999,Benfica
101000,Feyenoord
101001,Young Boys
101002,Paris Saint-Germain
101003,Slovan Bratislava
101004,trans
101005,associated press
101006,declare
101007,Election Night
101008,assoicated press
101009,electio night
101010,tipping point
101011,split ticket
100214,Governor Races
101012,Bodo Glimt
101013,Braga
101014,Galatasaray
101015,IF Elfsborg
101016,Frankfurt
101017,FK RFS
101018,Dynamo Kyiv
101019,Macabi Tel Aviv
101020,Midtjylland
101021,Union Saint-Gilloise
101022,Qarabag
101023,Ajax
101024,PAOK
101025,Viktoria Plzen
101026,FDIC
101027,votes
101028,trunout
101029,record
101030,ballot
101145,GA
101032,metals
101033,Ferencvaros
101034,Nice
101035,Fenerbahce
101036,Tottenham
101037,AZ Alkmaar
101038,Lyon
101039,Besiktas
101040,Anderlecht
101041,Ludogorets
101042,Athletic Bilbao
101043,Slavia Praha
101044,Malmo
101045,Olympiacos
101046,Hoffenheim
101047,Twente
101048,FCSB
101049,Rangers
101050,Ilia
101051,Holloway
101052,Topuria
101053,Cooper Kupp
101054,november
101055,Betts
101056,called
101057,elecotral college
101058,split
101059,Week 8
101060,thc
101061,races
101063,Aaron
101062,Rogan
101064,asssociated press
101065,delcare
101066,integrity
101067,october suprise
101068,bombshell
101069,hit piece
101070,tape
101071,Pitt
101072,Cuse
101073,Syracuse
101074,Assocaited Press
101075,Nelk Boys
100482,Nate Silver
101076,Ryan Petersen
101077,OSINTdefender
101078,UFC 308
101079,third
101080,two
101081,Fiorentina
101031,Commodities
101082,Boise State
101083,Ole Miss
101084,Navy
101085,TTU
101086,Texas Tech
101087,Vanderbilt
101088,Florida State
101089,Penn State
101090,Wisconisin
101091,Kansas
101092,K State
101093,Cincinnati
101094,Hawaii
100686,Margin of Victory
101095,donbas
101096,mail in
101097,beast
101098,Mr. Beast
101099,mr beast
101100,food
101101,mold
101102,Carabao Cup
101103,Southampton
101104,Stoke City
101105,Brentford
101106,Sheffield Wednesday
101107,brighton
101108,Crystal Palace
101109,Leicester City
101110,Creators
101111,Domer
101112,zerohedge
101113,newcastle
101114,Chelsea
101115,Preston
101116,North End
101117,Hotspur
101727,Doubles
101119,270
101120,electoral
101121,college
101122,african american
101123,Draymond
101124,Technical
101125,anne
101126,wyoming
101127,elecion maps
101128,NRFI
101129,Brighton & Hove Albion
101130,Newcastle United
101131,Preston North End
101132,Tottenham Hotspur
101146,fraud
101149,gossip
101158,Houston
101165,jan 6
101118,Maps
101199,porn star
101212,North Texas
101217,Overs
100344,House Races
101223,Rublev
101234,Open Source Intel
101241,leprecon
101247,Macro Graph
101250,Macro Single
101258,Jake Paul
101270,Turkey
101291,Flight 6
101296,Jason Calacanis
101304,Week 12
101310,310
101315,Dumb Money
101318,Robinhood
101326,FC Midtjylland
101333,tsa
101337,Parlays
101339,It's not clear what the topic of your query is. Please provide a more understandable sentence or question in order for me to generate relevant tags.
101344,Tags: Data Extraction
101349,The given string does not appear to be a valid or meaningful question from which relevant subject matter tags can be extracted.
101354,SQL
101358,"Since the question ""鎈'""""\("" doesn't provide any understandable information or context"
101360,You haven't provided any title or question to generate tags. Please provide more information.
101366,there are no relevant tags to extract.
101374,no relevant tags can be extracted.
101385,potential tags could include: Programming
101386,more context would be helpful in generating accurate tags.
101525,United States Postal Service
101526,Matchday 17
101527,Goals
101528,altcoin
101529,litecoin
101530,lte
101531,Strategic Bitcoin Reserve
101532,Mykhailo Mudryk
101533,PEDs
101534,Golden Globes
101535,Grünen
101536,Alliance 90
101537,Cal
101538,Berkley
101539,JMU
101540,Western Kentucky
101541,Boca Raton Bowl
101542,Gov Shutdown
101543,Gov shutdwon
101544,PDC
101545,Fashion
101546,Week 16
101728,Super Bowl LIX
101548,virus
101549,jpow
101550,Jerome Powell
101551,mmERCH
101552,Usyk vs. Fury 2
101553,Steam
101554,Valve
101555,Debt Ceiling
101556,Doodles
101557,Mackenzie Dern
101558,Amanda Ribas
101559,Die Linke
101560,Usyk vs. Fury
101561,Alireza Firouzja
101562,Ian Nepomnichtchi
101563,Champions Chess Tour
101564,Tulane
101565,budget
101566,Tennesse
101567,Sides
101568,MH370
101244,CFP
101569,Greenland
101570,Lonzo Ball
101571,Mike Evans
101572,New Orleans
101573,Toledo
101574,Bowl Games
101575,Bowling Green
101576,Arkansas St
101577,H1b
1397,Immigration
101578,Travel Ban
101579,Antonio Brown
101580,Washington St
101581,UConn
101582,Louisiana Tech
101583,Miami (OH)
101584,Colorado State
101585,Week 17
101586,Mayoral
101587,Jeju Air
101588,2025 Predictions
101589,Gold
101590,Kim Jong Un
101591,Jon Jones
101592,Tom Aspinal
101593,Arizona State
101594,College Football Playoff
101595,Peach Bowl
101596,ASU
101597,Rose Bowl
101598,Sugar Bowl
101599,Gator Bowl
101600,pipe line
101601,ppeline
101602,Urengoy-Pomary-Uzhgorod
101603,Yoon
101605,Austrialia
101606,Boise St
101607,Live Streams
101608,Hole in One
101609,LTC
101610,Lite
101611,Altcoins
101604,Cybertruck
101612,Cardano
101613,ADA
101614,Speaker
101615,European Central Bank
101616,Speaker Election
101617,Grooming Gangs
101618,QBs
101619,Macron
101620,Sam Darnold
101621,Week 18
101622,Debt
101623,WashPO
101624,Taylor lorenz
101625,Fox Sports
101626,Skip Bayless
101627,Sexual Harrassment
101628,Trudeau out
101629,JJ McCarthy
101630,Ben Johnson
101631,Chucky
101632,Gruden
101633,Matthew Livelsberger
101634,sexual misconduct
101729,Free Democratic Party
101636,Anthem
101637,rich
101638,riot
101639,New York Jets
101640,sock
101641,self driving
101547,Bird Flu
101642,Sinai
101643,Joy Taylor
101644,chatgpt
101645,artificail intelligence
101646,tax cut
101647,Meta
101648,drill baby drill
101649,winter
101730,Freie Demokratische Parte
101651,Oakland
101652,Las Vegas
84,Weather
101653,fire
101654,santa monica
101731,Sahra Wagenknecht Alliance
1453,NFL Draft
101656,Drew Allar
101657,Quinn Ewers
101658,Mallorca
101659,Elon Tweets
101660,supreme
101661,sentate
101732,Reason and Justice
101713,Shelton
101650,wildfirezz
101655,Wildfire
101662,sciene
101663,palisades
101664,eaton
101665,LA Rams
101666,Pheonix
101667,keir
101668,continuing resolution
101669,maduro
101670,disseases
101671,cdc
101672,Valorant
101673,JPAFootball
101674,NFL Playoffs
101675,Kyren Lacy
101676,Tom Brady
101677,free agency
101678,staked
101679,Mo Salah
101680,AFC
101681,NFC
101682,VCT
101683,bio
101684,pharma
101685,Trump Day 1
101686,smotrich
101687,ben gvir
101688,knesset
101689,Hegseth
101690,Xiaohongshu
101691,Marcus Rashford
101692,Alexander Isak
101693,Nico WIlliams
101694,Trump 100 Days
101695,Omar Marmoush
101696,approve
101698,polliing
101699,De'Aaron Fox
101700,report
101701,cpi
101702,defesne
101703,sceince
101704,ceasfire
710,inauguration for trump
101635,Inauguration
101194,cabinet for trump
101193,Cabinet
101705,forex
101706,Ontario
101707,Liechtenstein
101733,AS Monaco
101708,Trump Week 1
101709,Executive Orders
101710,USG
101711,Swiatek
101712,Keys
101714,Djokovic
101715,Sabalenka
101716,Badosa
101717,Federal
101718,ATTD
101719,gang
101720,ms-13
101734,DeepSeek
101735,Eredivisie
101736,Commericals
101739,Super Bowl Props
101740,Super Bowl LIX Props
101741,Team Totals
101742,First Half
101743,RFK Jr.
101744,Trump Truths
101745,Terry Rozier
101746,Tulsi Gabbard
101747,Kash Patel
101748,Philippines
101749,Jordan
101750,Hurts
101751,deficit
101752,karoline leavitt
101753,press
101754,InfoWars
101755,LV
101756,SOTU
101757,Recurring
101759,tairffs
101760,tarrifs
101758,Tariffs
101761,Trade War
101762,Luca
101763,Doncic
101764,AD
101765,anthony davis
101766,nico Harrison
101767,dallas mavericks
101768,European
101770,mavs
101771,Myles Garrett
101772,Primeira Liga
101773,International Development
101774,Los Angeles Lakers
101775,CAA
101776,LIV
101777,PGA
101778,bukele
1560,DOGE
101779,buy
101780,National Public Radio
101781,Rewards
18,Awards
101782,Leganes
101783,Copa Del Rey
101784,pull out
101785,Penalties
101786,Butker
101787,UEL
101788,Kicking
101769,ChinaTalk
101789,Osasuna
101790,Valencia
101791,viewer
101792,Tom Asprinall
101697,Approval
101793,Trump Economy
101794,Foreign Policy
101795,Immigration/Border
101796,balance
101797,Social Policy
1438,MAGA
101798,Crypto Policy
101799,Executive Actions
101800,Economic Policy
101801,First 100 days
101802,Punts
101803,Haliey
101804,Welch
101805,Asteroid
101806,YR4
101807,FA Cup
101808,Supoer Bowl LIX
101809,Kendrick
101810,Peak
101811,Leeds United
101812,Millwall
101813,Leyton Orient
101814,Coventry City
101815,Ipswich Town
101816,Everton
101817,AFC Bournemouth
101818,Wycombe Wanderers
101819,Burnley
101820,Cardiff City
101821,Wigan Athletic
101822,Fulham
101823,Birmingham City
101824,Blackburn Rovers
101825,Wolverhampton
101826,Plymouth
101827,marco
101828,The Rizzler
692,Kanye
101829,Dave Portnoy
101830,Critics' Choice
101831,Edward Coristine
101833,Super Bowl Specials
101837,Super Bowl LIX Specials
101836,Kendrick  Halftime Show
101832,National Anthem/Coin Toss
101835,Player Props
101834,Game Props
101838,Super Bowl TV
101839,portnoy
101840,Ron Paul
101841,micahel saylor
101842,Sweeden
101843,FEMA
101844,Kupyansk
101845,Tom Homan
101846,declassify
101847,FC Twente
1323,Declassification
101848,delcassification
101849,NBA All Star Weekend
101850,West Bank
101851,Consumer Financial Protection Bureau
101852,CFPB
101853,All Star Weekend
101854,4 Nations
101855,Genesis Invitational
101856,ASG
101857,UFC 313
101858,CFN
101859,SAINT
101860,$LIBRA
101861,milei
101862,Ashley St. Clair
101863,Libra
101864,top model
101865,sama altman
101866,xAI
101867,product marekt fit
101868,Hochul
101869,4 nation
101870,liliy phillips
101871,cartel
101872,drone strike
